{
  "dataset": {
    "name": "IEEE 19-Channel EEG Dataset (Nasrabadi et al., 2020)",
    "total_subjects": 121,
    "adhd_subjects": 61,
    "control_subjects": 60,
    "sampling_rate_hz": 128,
    "n_channels": 19,
    "channels": [
      "Fp1",
      "Fp2",
      "F3",
      "F4",
      "C3",
      "C4",
      "P3",
      "P4",
      "O1",
      "O2",
      "F7",
      "F8",
      "T7",
      "T8",
      "P7",
      "P8",
      "Fz",
      "Cz",
      "Pz"
    ],
    "age_range": "7\u201312 years",
    "total_features": 171,
    "feature_breakdown": {
      "band_power": 76,
      "tbr": 19,
      "statistical": 76
    }
  },
  "model_results": {
    "Random Forest": {
      "accuracy_mean": 0.686,
      "accuracy_std": 0.04177452706029251,
      "f1_mean": 0.6998540080609047,
      "f1_std": 0.05251656328612754,
      "roc_auc_mean": 0.753525641025641,
      "roc_auc_std": 0.04765556092838109
    },
    "SVM (RBF)": {
      "accuracy_mean": 0.6536666666666666,
      "accuracy_std": 0.0619892463792444,
      "f1_mean": 0.6505994694960213,
      "f1_std": 0.0393630291617174,
      "roc_auc_mean": 0.6825854700854702,
      "roc_auc_std": 0.08495665767895909
    }
  },
  "roc_curves": {
    "Random Forest": {
      "fpr": [
        0.0,
        0.0,
        0.0,
        0.016666666666666666,
        0.016666666666666666,
        0.03333333333333333,
        0.03333333333333333,
        0.05,
        0.05,
        0.06666666666666667,
        0.06666666666666667,
        0.08333333333333333,
        0.08333333333333333,
        0.11666666666666667,
        0.11666666666666667,
        0.13333333333333333,
        0.13333333333333333,
        0.15,
        0.15,
        0.21666666666666667,
        0.21666666666666667,
        0.23333333333333334,
        0.23333333333333334,
        0.25,
        0.25,
        0.26666666666666666,
        0.26666666666666666,
        0.31666666666666665,
        0.31666666666666665,
        0.3333333333333333,
        0.3333333333333333,
        0.35,
        0.35,
        0.4,
        0.4,
        0.43333333333333335,
        0.43333333333333335,
        0.45,
        0.45,
        0.4666666666666667,
        0.4666666666666667,
        0.48333333333333334,
        0.48333333333333334,
        0.5,
        0.5,
        0.55,
        0.55,
        0.5666666666666667,
        0.5666666666666667,
        0.6166666666666667,
        0.6166666666666667,
        0.7166666666666667,
        0.7166666666666667,
        0.7666666666666667,
        0.7666666666666667,
        1.0
      ],
      "tpr": [
        0.0,
        0.01639344262295082,
        0.04918032786885246,
        0.04918032786885246,
        0.08196721311475409,
        0.08196721311475409,
        0.18032786885245902,
        0.18032786885245902,
        0.21311475409836064,
        0.21311475409836064,
        0.2786885245901639,
        0.2786885245901639,
        0.29508196721311475,
        0.29508196721311475,
        0.3114754098360656,
        0.3114754098360656,
        0.36065573770491804,
        0.36065573770491804,
        0.4098360655737705,
        0.4098360655737705,
        0.4426229508196721,
        0.4426229508196721,
        0.5081967213114754,
        0.5081967213114754,
        0.5737704918032787,
        0.5737704918032787,
        0.5901639344262295,
        0.5901639344262295,
        0.6229508196721312,
        0.6229508196721312,
        0.6721311475409836,
        0.6721311475409836,
        0.7377049180327869,
        0.7377049180327869,
        0.7540983606557377,
        0.7540983606557377,
        0.7704918032786885,
        0.7704918032786885,
        0.819672131147541,
        0.819672131147541,
        0.8360655737704918,
        0.8360655737704918,
        0.8688524590163934,
        0.8688524590163934,
        0.9016393442622951,
        0.9016393442622951,
        0.9180327868852459,
        0.9180327868852459,
        0.9344262295081968,
        0.9344262295081968,
        0.9508196721311475,
        0.9508196721311475,
        0.9836065573770492,
        0.9836065573770492,
        1.0,
        1.0
      ],
      "auc": 0.7399
    },
    "SVM (RBF)": {
      "fpr": [
        0.0,
        0.016666666666666666,
        0.016666666666666666,
        0.03333333333333333,
        0.03333333333333333,
        0.05,
        0.05,
        0.08333333333333333,
        0.08333333333333333,
        0.1,
        0.1,
        0.11666666666666667,
        0.11666666666666667,
        0.15,
        0.15,
        0.18333333333333332,
        0.18333333333333332,
        0.21666666666666667,
        0.21666666666666667,
        0.23333333333333334,
        0.23333333333333334,
        0.25,
        0.25,
        0.26666666666666666,
        0.26666666666666666,
        0.2833333333333333,
        0.2833333333333333,
        0.3,
        0.3,
        0.31666666666666665,
        0.31666666666666665,
        0.3333333333333333,
        0.35,
        0.38333333333333336,
        0.38333333333333336,
        0.4166666666666667,
        0.4166666666666667,
        0.43333333333333335,
        0.43333333333333335,
        0.45,
        0.45,
        0.48333333333333334,
        0.48333333333333334,
        0.5166666666666667,
        0.5166666666666667,
        0.5833333333333334,
        0.5833333333333334,
        0.6166666666666667,
        0.6166666666666667,
        0.7833333333333333,
        0.7833333333333333,
        0.8333333333333334,
        0.8333333333333334,
        0.8833333333333333,
        0.8833333333333333,
        0.95,
        0.95,
        0.9666666666666667,
        0.9666666666666667,
        1.0
      ],
      "tpr": [
        0.0,
        0.0,
        0.01639344262295082,
        0.01639344262295082,
        0.03278688524590164,
        0.03278688524590164,
        0.04918032786885246,
        0.04918032786885246,
        0.09836065573770492,
        0.09836065573770492,
        0.18032786885245902,
        0.18032786885245902,
        0.22950819672131148,
        0.22950819672131148,
        0.2786885245901639,
        0.2786885245901639,
        0.32786885245901637,
        0.32786885245901637,
        0.3770491803278688,
        0.3770491803278688,
        0.4098360655737705,
        0.4098360655737705,
        0.5081967213114754,
        0.5081967213114754,
        0.5409836065573771,
        0.5409836065573771,
        0.5573770491803278,
        0.5573770491803278,
        0.6065573770491803,
        0.6065573770491803,
        0.6229508196721312,
        0.6229508196721312,
        0.6557377049180327,
        0.6557377049180327,
        0.6721311475409836,
        0.6721311475409836,
        0.7049180327868853,
        0.7049180327868853,
        0.7213114754098361,
        0.7213114754098361,
        0.7540983606557377,
        0.7540983606557377,
        0.8032786885245902,
        0.8032786885245902,
        0.819672131147541,
        0.819672131147541,
        0.8852459016393442,
        0.8852459016393442,
        0.9180327868852459,
        0.9180327868852459,
        0.9344262295081968,
        0.9344262295081968,
        0.9508196721311475,
        0.9508196721311475,
        0.9672131147540983,
        0.9672131147540983,
        0.9836065573770492,
        0.9836065573770492,
        1.0,
        1.0
      ],
      "auc": 0.6716
    }
  },
  "confusion_matrices": {
    "Random Forest": {
      "TN": 38,
      "FP": 22,
      "FN": 16,
      "TP": 45,
      "matrix": [
        [
          38,
          22
        ],
        [
          16,
          45
        ]
      ]
    },
    "SVM (RBF)": {
      "TN": 40,
      "FP": 20,
      "FN": 22,
      "TP": 39,
      "matrix": [
        [
          40,
          20
        ],
        [
          22,
          39
        ]
      ]
    }
  },
  "feature_importance": [
    {
      "feature": "Var_P7",
      "importance": 0.040102,
      "type": "Statistical"
    },
    {
      "feature": "Var_P3",
      "importance": 0.023514,